Name,Link,Image_Link,Closure,Pocket Type,Fabric,Suitable_For,Sleeve,Color,Measurements,Price,Brand,id
Men Slim Fit Black Polyester Trousers,https://www.flipkart.com/raymond-slim-fit-men-black-trousers/p/itm2e7e7334b1ee5?pid=TROGQ8MEAYHJY5HZ&lid=LSTTROGQ8MEAYHJY5HZD87ZSC&marketplace=FLIPKART&store=clo%2Fvua&srno=b_1_36&otracker=browse&fm=organic&iid=a366bf24-c376-45b0-88d7-d320f0328de2.TROGQ8MEAYHJY5HZ.SEARCH&ppt=None&ppn=None&ssid=qzcvao85og0000001691554776819,https://rukminim2.flixcart.com/image/832/832/xif0q/trouser/t/j/2/32-rmts05160-k8-raymond-original-imagrnzeawpxhe8y.jpeg?q=70,,,Polyester,Western Wear,,Black,"[['30', '32', '34', '36', '38']]",959,Raymond,1
Men Slim Fit Grey Pure Cotton Trousers,https://www.flipkart.com/urbano-fashion-slim-fit-men-grey-trousers/p/itm077be714224a5?pid=TROGMZVYPH7ZGS7V&lid=LSTTROGMZVYPH7ZGS7V46NBUL&marketplace=FLIPKART&store=clo%2Fvua&srno=b_1_31&otracker=browse&fm=organic&iid=en__eM9nYk2U7eVz18g7sxGkNcAGxDrj2amYgGi4BATl1SZkWcoVOq8Dg56zqSdkGNWY5XdyJu3HINwU6E8672vWA%3D%3D&ppt=None&ppn=None&ssid=qzcvao85og0000001691554776819,https://rukminim2.flixcart.com/image/832/832/xif0q/trouser/u/o/x/28-epnchino-19-grey-urbano-fashion-original-imagmzvy4bzzxfxt.jpeg?q=70,Button,,Pure Cotton,Western Wear,,Grey,"[['28', '30', '32', '34', '36', '38', '40']]",659,Urbano Fashion,2
Men Slim Mid Rise Dark Grey Jeans,https://www.flipkart.com/killer-slim-men-dark-grey-jeans/p/itm759f9fa31312b?pid=JEAGQKGPKKBE9D9P&lid=LSTJEAGQKGPKKBE9D9PEDMIH0&marketplace=FLIPKART&store=clo%2Fvua&srno=b_1_24&otracker=browse&fm=organic&iid=a366bf24-c376-45b0-88d7-d320f0328de2.JEAGQKGPKKBE9D9P.SEARCH&ppt=None&ppn=None&ssid=qzcvao85og0000001691554776819,https://rukminim2.flixcart.com/image/832/832/xif0q/jean/h/2/q/-original-imagr6uggg8ukybf.jpeg?q=70,Button,,Cotton Lycra Blend,Western Wear,,Dark Grey,"[['30', '32', '34', '36', '38', '40']]",1439,KILLER,3
Men Skinny Low Rise Dark Blue Jeans,https://www.flipkart.com/spykar-skinny-men-dark-blue-jeans/p/itm6a3e4b092db0d?pid=JEAGCHY2GYGKJ94E&lid=LSTJEAGCHY2GYGKJ94EUAOIPJ&marketplace=FLIPKART&store=clo%2Fvua&srno=b_1_34&otracker=browse&fm=organic&iid=a366bf24-c376-45b0-88d7-d320f0328de2.JEAGCHY2GYGKJ94E.SEARCH&ppt=None&ppn=None&ssid=qzcvao85og0000001691554776819,https://rukminim2.flixcart.com/image/832/832/xif0q/jean/o/i/p/32-ecskn-01bb-090-spykar-original-imagnbufpcwyyepz.jpeg?q=70,Button,"Coin Pocket, Curved Pocket, Patch Pocket",Cotton Blend,Western Wear,,Dark Blue,"[['30', '32', '34', '36', '38']]",1368,Spykar,4
Men Slim Fit Green Viscose Rayon Trousers,https://www.flipkart.com/highlander-slim-fit-men-green-trousers/p/itm63007763148bc?pid=TROG5H97JC7G8TWT&lid=LSTTROG5H97JC7G8TWTS5P9LD&marketplace=FLIPKART&store=clo%2Fvua&srno=b_2_58&otracker=browse&fm=organic&iid=en_Q_iXGrQGs3d0oiuIxP0EPlC9toq6ThE4P5W9kRScnVhPqylfoxAcXkqixchsH-HoB-sk6R4JIFLfvWbsLatvFA%3D%3D&ppt=None&ppn=None&ssid=crryb3vg400000001691554934852,https://rukminim2.flixcart.com/image/832/832/krwec280/trouser/r/a/8/30-hltr004539-highlander-original-imag5h97zuqracmf.jpeg?q=70,Button,,Viscose Rayon,Western Wear,,Green,"[['30', '32', '34', '36']]",634,HIGHLANDER,5
Men Skinny Low Rise White Jeans,https://www.flipkart.com/spykar-skinny-men-white-jeans/p/itm34323e931d5a0?pid=JEAGPZCMF3C86NY3&lid=LSTJEAGPZCMF3C86NY3OAGTDJ&marketplace=FLIPKART&store=clo%2Fvua&srno=b_2_56&otracker=browse&fm=organic&iid=13bbde0e-4984-4602-ab35-1773a7e61b0c.JEAGPZCMF3C86NY3.SEARCH&ppt=None&ppn=None&ssid=crryb3vg400000001691554934852,https://rukminim2.flixcart.com/image/832/832/xif0q/jean/6/x/d/32-emdskn2bc071-spykar-original-imagqbvehvdxxgps.jpeg?q=70,,,Cotton Blend,Western Wear,,White,"[['30', '32', '34', '36', '38']]",1319,Spykar,6
Men Slim Mid Rise Black Jeans,https://www.flipkart.com/urbano-fashion-slim-men-black-jeans/p/itmfdzf3epuazfcy?pid=JEAFDYRH3YZKYUX8&lid=LSTJEAFDYRH3YZKYUX8V5JDAG&marketplace=FLIPKART&store=clo%2Fvua&srno=b_1_22&otracker=browse&fm=organic&iid=en__eM9nYk2U7eVz18g7sxGkNcAGxDrj2amYgGi4BATl1Qmh0c5usIi4i7Q32RZLbXzx5fAvy2lbj92vnZCCs1IVg%3D%3D&ppt=None&ppn=None&ssid=qzcvao85og0000001691554776819,https://rukminim2.flixcart.com/image/832/832/xif0q/jean/q/s/c/32-eps-black-06-urbano-fashion-original-imagqrgfhgs6fhfz.jpeg?q=70,Button,,Cotton Lycra Blend,Western Wear,,Black,"[['28', '30', '32', '34', '36', '38', '40']]",587,Urbano Fashion,7
Men Tapered Light Green Cotton Blend Trousers,https://www.flipkart.com/van-heusen-sport-tapered-men-light-green-trousers/p/itm3650f62c178e0?pid=TROGF5GSEQJRPAY7&lid=LSTTROGF5GSEQJRPAY781VWS4&marketplace=FLIPKART&store=clo%2Fvua&srno=b_2_42&otracker=browse&fm=organic&iid=en_Q_iXGrQGs3d0oiuIxP0EPlC9toq6ThE4P5W9kRScnViO42ICgfY7lC0pIp5-57L7CTpwN3LpKfIHCwrWCX9kaw%3D%3D&ppt=None&ppn=None&ssid=crryb3vg400000001691554934852,https://rukminim2.flixcart.com/image/832/832/xif0q/trouser/e/v/s/-original-imaghm9bukymd8rr.jpeg?q=70,Button,,Cotton Blend,Western Wear,,Light Green,[['32']],1399,VAN HEUSEN SPORT,8
Men Slim Mid Rise Blue Jeans,https://www.flipkart.com/louis-philippe-jeans-slim-men-blue/p/itme4ab754f49fd5?pid=JEAGF828FEPAG72X&lid=LSTJEAGF828FEPAG72XRRATDL&marketplace=FLIPKART&store=clo%2Fvua&srno=b_2_51&otracker=browse&fm=organic&iid=en_Q_iXGrQGs3d0oiuIxP0EPlC9toq6ThE4P5W9kRScnVj0sZ8a-KfbbyPlivXI7kMjCvU0fUl65bLI58VatdwBmw%3D%3D&ppt=None&ppn=None&ssid=crryb3vg400000001691554934852,https://rukminim2.flixcart.com/image/832/832/xif0q/jean/b/j/g/32-lrdncslpa29012-louis-philippe-jeans-original-imaggg9ucuzh8tmd.jpeg?q=70,,,Cotton Blend,Western Wear,,Blue,"[['30', '32', '34', '36', '38', '40']]",1499,Louis Philippe Jeans,9
Men Slim Fit Green Viscose Rayon Trousers,https://www.flipkart.com/highlander-slim-fit-men-green-trousers/p/itm63007763148bc?pid=TROG5H97JC7G8TWT&lid=LSTTROG5H97JC7G8TWTS5P9LD&marketplace=FLIPKART&store=clo%2Fvua&srno=b_1_37&otracker=browse&fm=organic&iid=en__eM9nYk2U7eVz18g7sxGkNcAGxDrj2amYgGi4BATl1T3qMhg6U6Syp7cNMKLmEl3ecB8iHGBKQVCz2B3okOkIw%3D%3D&ppt=None&ppn=None&ssid=qzcvao85og0000001691554776819,https://rukminim2.flixcart.com/image/832/832/krwec280/trouser/r/a/8/30-hltr004539-highlander-original-imag5h97zuqracmf.jpeg?q=70,Button,,Viscose Rayon,Western Wear,,Green,"[['30', '32', '34', '36']]",634,HIGHLANDER,10
511 Men Slim High Rise Blue Jeans,https://www.flipkart.com/levi-s-511-slim-men-blue-jeans/p/itm217168a43bf6e?pid=JEAGDWYXH4ARWQD6&lid=LSTJEAGDWYXH4ARWQD69YW3OR&marketplace=FLIPKART&store=clo%2Fvua&srno=b_1_26&otracker=browse&fm=organic&iid=a366bf24-c376-45b0-88d7-d320f0328de2.JEAGDWYXH4ARWQD6.SEARCH&ppt=None&ppn=None&ssid=qzcvao85og0000001691554776819,https://rukminim2.flixcart.com/image/832/832/xif0q/jean/v/v/l/-original-imagjcgcztpwd5ez.jpeg?q=70,Button & Zip,,Cotton Blend,Western Wear,,Blue,"[['28', '30', '32', '34', '36', '38']]",1644,LEVI'S,11
Men Slim Fit Beige Polycotton Trousers,https://www.flipkart.com/arrow-slim-fit-men-beige-trousers/p/itm2c0a9159a4810?pid=TROGHFS9ZYXNCXHF&lid=LSTTROGHFS9ZYXNCXHFABWBXA&marketplace=FLIPKART&store=clo%2Fvua&srno=b_2_53&otracker=browse&fm=organic&iid=13bbde0e-4984-4602-ab35-1773a7e61b0c.TROGHFS9ZYXNCXHF.SEARCH&ppt=None&ppn=None&ssid=crryb3vg400000001691554934852,https://rukminim2.flixcart.com/image/832/832/xif0q/trouser/b/7/j/44-anaetr2252-arrow-original-imaghfs8sjhvgggk.jpeg?q=70,Button,,Polycotton,Western Wear,,Beige,"[['30', '32', '34', '36', '38', '40', '42', '44', '46', '48']]",1034,ARROW,12
Men Slim Mid Rise Blue Jeans,https://www.flipkart.com/wrangler-slim-men-blue-jeans/p/itm64dcd5629e077?pid=JEAGMNF43PQHMJWZ&lid=LSTJEAGMNF43PQHMJWZIFHWCI&marketplace=FLIPKART&store=clo%2Fvua&srno=b_2_43&otracker=browse&fm=organic&iid=13bbde0e-4984-4602-ab35-1773a7e61b0c.JEAGMNF43PQHMJWZ.SEARCH&ppt=None&ppn=None&ssid=crryb3vg400000001691554934852,https://rukminim2.flixcart.com/image/832/832/xif0q/jean/s/w/b/32-wmjn005491-wrangler-original-imagmnf3fegtbkeu.jpeg?q=70,Button and Zip,,Cotton Blend,Western Wear,,Blue,"[['28', '30', '32', '34', '36', '38', '40', '42']]",1395,Wrangler,13
Men Skinny Mid Rise Dark Green Jeans,https://www.flipkart.com/killer-skinny-men-dark-green-jeans/p/itmace5193cebbc9?pid=JEAGPGP64PHWHRYT&lid=LSTJEAGPGP64PHWHRYTD1TCUJ&marketplace=FLIPKART&store=clo%2Fvua&srno=b_1_15&otracker=browse&fm=organic&iid=a366bf24-c376-45b0-88d7-d320f0328de2.JEAGPGP64PHWHRYT.SEARCH&ppt=None&ppn=None&ssid=qzcvao85og0000001691554776819,https://rukminim2.flixcart.com/image/832/832/xif0q/jean/u/q/t/32-ak-2311-anklft-ltolv-killer-original-imagraabmwpf3mcz.jpeg?q=70,Button,"Coin Pocket, Curved Pocket, Patch Pocket",Cotton Lycra Blend,Western Wear,,Dark Green,"[['30', '32', '34', '36', '38']]",1229,KILLER,14
Men Slim Mid Rise Light Blue Jeans,https://www.flipkart.com/urbano-fashion-slim-men-light-blue-jeans/p/itmc40f8f5ed5574?pid=JEAFTZRYHXW2VWHZ&lid=LSTJEAFTZRYHXW2VWHZJOBBVC&marketplace=FLIPKART&store=clo%2Fvua&srno=b_1_11&otracker=browse&fm=organic&iid=en__eM9nYk2U7eVz18g7sxGkNcAGxDrj2amYgGi4BATl1R6ZXxqD92VL09gY3Eke_0tHDlyhvo8A-A8fAcXKIQ-SQ%3D%3D&ppt=None&ppn=None&ssid=qzcvao85og0000001691554776819,https://rukminim2.flixcart.com/image/832/832/xif0q/jean/c/x/l/38-epsrustsprcrs-lblue-urbano-fashion-original-imaftzru2pwn2hyd-bb.jpeg?q=70,Buttoned,Diagonal Pocket,Cotton Lycra Blend,Western Wear,,Light Blue,"[['28', '30', '32', '34', '36', '38', '40']]",651,Urbano Fashion,15
Men Regular Mid Rise Blue Jeans,https://www.flipkart.com/pepe-jeans-regular-men-blue/p/itmccae947605d74?pid=JEAGMY6CGKX7GXPB&lid=LSTJEAGMY6CGKX7GXPBJDFB0G&marketplace=FLIPKART&store=clo%2Fvua&srno=b_1_30&otracker=browse&fm=organic&iid=a366bf24-c376-45b0-88d7-d320f0328de2.JEAGMY6CGKX7GXPB.SEARCH&ppt=None&ppn=None&ssid=qzcvao85og0000001691554776819,https://rukminim2.flixcart.com/image/832/832/xif0q/jean/o/t/k/32-pm207355r193-pepe-jeans-original-imagqgfbakcexxsq.jpeg?q=70,Button,"Coin Pocket, Curved Pocket, Patch Pocket",Cotton Blend,Western Wear,,Blue,"[['30', '32', '34', '36', '38']]",1259,Pepe Jeans,16
Men Slim Fit Dark Blue Viscose Rayon Trousers,https://www.flipkart.com/peter-england-slim-fit-men-dark-blue-trousers/p/itme45f87202b3a1?pid=TROGNHDTNF8RCAYY&lid=LSTTROGNHDTNF8RCAYYJMPETN&marketplace=FLIPKART&store=clo%2Fvua&srno=b_2_54&otracker=browse&fm=organic&iid=13bbde0e-4984-4602-ab35-1773a7e61b0c.TROGNHDTNF8RCAYY.SEARCH&ppt=None&ppn=None&ssid=crryb3vg400000001691554934852,https://rukminim2.flixcart.com/image/832/832/xif0q/trouser/b/j/g/32-petfwnsp158518-peter-england-original-imagpttfpvzydhcc.jpeg?q=70,Button,,Viscose Rayon,Western Wear,,Dark Blue,"[['30', '32', '34', '36', '38']]",809,PETER ENGLAND,17
Men Regular Fit Brown Pure Cotton Trousers,https://www.flipkart.com/forever-21-regular-fit-men-brown-trousers/p/itm3c11a556a63fe?pid=TROGPZHZDDBAQTSP&lid=LSTTROGPZHZDDBAQTSPA4DZD5&marketplace=FLIPKART&store=clo%2Fvua&srno=b_1_19&otracker=browse&fm=organic&iid=a366bf24-c376-45b0-88d7-d320f0328de2.TROGPZHZDDBAQTSP.SEARCH&ppt=None&ppn=None&ssid=qzcvao85og0000001691554776819,https://rukminim2.flixcart.com/image/832/832/xif0q/track-pant/m/f/4/-original-imagzmgwzmyeqjnk.jpeg?q=70,,,Pure Cotton,Western Wear,,Brown,"[['29', '31', '35', '37', '39']]",1170,FOREVER 21,18
Solid Men Black Tights,https://www.flipkart.com/never-lose-solid-men-black-tights/p/itm3bf1ae3b20e1c?pid=TGTFKGQYF9AKFCRC&lid=LSTTGTFKGQYF9AKFCRCBRSFDJ&marketplace=FLIPKART&store=clo%2Fvua&srno=b_1_1&otracker=browse&fm=organic&iid=en__eM9nYk2U7eVz18g7sxGkNcAGxDrj2amYgGi4BATl1Sng3_peeqKAhr68WZ29TEit6kcHCZYyKDGLikHfTo3iw%3D%3D&ppt=None&ppn=None&ssid=qzcvao85og0000001691554776819,https://rukminim2.flixcart.com/image/832/832/xif0q/tight/c/r/c/m-pro-plus-never-lose-original-imafkhhhpn68xrr7-bb.jpeg?q=70,,,Polyester,,,Black,"[['XS', 'S', 'M', 'L', 'XL', 'XXL']]",154,never lose,19
Men Skinny Mid Rise Grey Jeans,https://www.flipkart.com/killer-skinny-men-grey-jeans/p/itmf1446827dbf9e?pid=JEAGQKGQ44GUVFGS&lid=LSTJEAGQKGQ44GUVFGSN68L7Y&marketplace=FLIPKART&store=clo%2Fvua&srno=b_2_46&otracker=browse&fm=organic&iid=13bbde0e-4984-4602-ab35-1773a7e61b0c.JEAGQKGQ44GUVFGS.SEARCH&ppt=None&ppn=None&ssid=crryb3vg400000001691554934852,https://rukminim2.flixcart.com/image/832/832/xif0q/jean/q/p/j/32-ak-2159-anklft-gry-killer-original-imagrenkabdv5dft.jpeg?q=70,Button,,Cotton Lycra Blend,Western Wear,,Grey,"[['30', '32', '34', '36', '38']]",1409,KILLER,20
Men Slim Mid Rise Blue Jeans,https://www.flipkart.com/supernova-inc-slim-men-blue-jeans/p/itmdff9c4ddc0546?pid=JEAFVEG2ZVUGFYVM&lid=LSTJEAFVEG2ZVUGFYVMAPJPUY&marketplace=FLIPKART&store=clo%2Fvua&srno=b_1_28&otracker=browse&fm=organic&iid=en__eM9nYk2U7eVz18g7sxGkNcAGxDrj2amYgGi4BATl1Tzpmz_mcNx_U45RqRkYv39b1vy-m0quPa4HxEG9whYsw%3D%3D&ppt=None&ppn=None&ssid=qzcvao85og0000001691554776819,https://rukminim2.flixcart.com/image/832/832/xif0q/jean/t/e/6/32-suplpsjean-mblue-supernova-inc-original-imagm6rtjhgyhb3a.jpeg?q=70,Buttoned,Diagonal Pocket,Cotton Lycra Blend,Western Wear,,Blue,"[['28', '30', '32', '34', '36', '38', '40']]",499,Supernova Inc.,21
Men Skinny Mid Rise Grey Jeans,https://www.flipkart.com/metronaut-flipkart-skinny-men-grey-jeans/p/itm02611950d653e?pid=JEAFYQGSKUXHZZ27&lid=LSTJEAFYQGSKUXHZZ27THECGF&marketplace=FLIPKART&store=clo%2Fvua&srno=b_1_21&otracker=browse&fm=organic&iid=en__eM9nYk2U7eVz18g7sxGkNcAGxDrj2amYgGi4BATl1R6idF137DA3rcFaqrG6HtF4U26z6lgbuR_VbMZXDb9Nw%3D%3D&ppt=None&ppn=None&ssid=qzcvao85og0000001691554776819,https://rukminim2.flixcart.com/image/832/832/xif0q/jean/h/u/e/32-mss21jn700-metronaut-original-imag4rcnssgjucgw-bb.jpeg?q=70,,,Cotton Lycra Blend,Western Wear,,Grey,"[['28', '30', '32', '34', '36', '38']]",539,METRONAUT By Flipkart,22
Men Slim Mid Rise Blue Jeans,https://www.flipkart.com/levi-s-slim-men-blue-jeans/p/itm9ff41c16b9718?pid=JEAGQ3CHY9SSGQYP&lid=LSTJEAGQ3CHY9SSGQYPLGXFS1&marketplace=FLIPKART&store=clo%2Fvua&srno=b_2_45&otracker=browse&fm=organic&iid=13bbde0e-4984-4602-ab35-1773a7e61b0c.JEAGQ3CHY9SSGQYP.SEARCH&ppt=None&ppn=None&ssid=crryb3vg400000001691554934852,https://rukminim2.flixcart.com/image/832/832/xif0q/jean/h/q/d/32-a7087-0008-levis-original-imagrdhahvcmhtv9.jpeg?q=70,Button & Zip,Coin Pocket,Cotton Blend,Western Wear,,Blue,"[['28', '30', '32', '34', '36', '38']]",1541,LEVI'S,23
Men Slim Fit Dark Blue Polyester Trousers,https://www.flipkart.com/raymond-slim-fit-men-dark-blue-trousers/p/itmddb50fd04e017?pid=TROGQ8MEFECHHGEV&lid=LSTTROGQ8MEFECHHGEVBZU0RE&marketplace=FLIPKART&store=clo%2Fvua&srno=b_2_59&otracker=browse&fm=organic&iid=13bbde0e-4984-4602-ab35-1773a7e61b0c.TROGQ8MEFECHHGEV.SEARCH&ppt=None&ppn=None&ssid=crryb3vg400000001691554934852,https://rukminim2.flixcart.com/image/832/832/xif0q/trouser/t/t/j/32-rmts05167-b8-raymond-original-imagrnzzhqzpcj32.jpeg?q=70,,,Polyester,Western Wear,,Dark Blue,"[['30', '32', '34', '36', '38']]",959,Raymond,24
Men Slim Mid Rise Blue Jeans,https://www.flipkart.com/urbano-fashion-slim-men-blue-jeans/p/itm794922ba33f73?pid=JEAGHGGKCQPJFFZF&lid=LSTJEAGHGGKCQPJFFZFK3L7WF&marketplace=FLIPKART&store=clo%2Fvua&srno=b_1_8&otracker=browse&fm=organic&iid=en__eM9nYk2U7eVz18g7sxGkNcAGxDrj2amYgGi4BATl1RcPPDUz4-qkMyGG7pYBgeGWIhqQkb5-AwF_pcAtU23NQ%3D%3D&ppt=None&ppn=None&ssid=qzcvao85og0000001691554776819,https://rukminim2.flixcart.com/image/832/832/xif0q/jean/t/o/v/36-mxjean-004-lblue-urbano-fashion-original-imaghggkrsqh7xrw.jpeg?q=70,Buttoned,Curved Pocket,Cotton Lycra Blend,Western Wear,,Blue,"[['28', '30', '32', '34', '36', '38', '40']]",672,Urbano Fashion,25
Men Solid Black Track Pants,https://www.flipkart.com/alan-jones-solid-men-black-track-pants/p/itmffjr3kfzwy5a5?pid=TKPFFJ9H2CGJHHGH&lid=LSTTKPFFJ9H2CGJHHGHHTXKAZ&marketplace=FLIPKART&store=clo%2Fvua&srno=b_1_38&otracker=browse&fm=organic&iid=en__eM9nYk2U7eVz18g7sxGkNcAGxDrj2amYgGi4BATl1QsnCX55MnkQFPdxdM-YGkAUFy0f3FFNmV9X-wKOI2BWA%3D%3D&ppt=None&ppn=None&ssid=qzcvao85og0000001691554776819,https://rukminim2.flixcart.com/image/832/832/jufu4y80/track-pant/8/k/b/3xl-jog19-sp01-bck-alan-jones-original-imaffjr47b48abty.jpeg?q=70,Elastic,,Cotton Blend,,,Black,"[['S', 'M', 'L', 'XL', 'XXL', '3XL']]",699,Alan Jones,26
512 Men Tapered Fit High Rise Blue Jeans,https://www.flipkart.com/levi-s-512-tapered-fit-men-blue-jeans/p/itm431cfd9baf425?pid=JEAGDWYXWQUTZXBG&lid=LSTJEAGDWYXWQUTZXBGNAVQDQ&marketplace=FLIPKART&store=clo%2Fvua&srno=b_1_3&otracker=browse&fm=organic&iid=a366bf24-c376-45b0-88d7-d320f0328de2.JEAGDWYXWQUTZXBG.SEARCH&ppt=None&ppn=None&ssid=qzcvao85og0000001691554776819,https://rukminim2.flixcart.com/image/832/832/xif0q/jean/9/v/g/-original-imagjcgeznvzdhph.jpeg?q=70,Button & Zip,,Cotton Blend,Western Wear,,Blue,"[['28', '30', '32', '34', '36', '38']]",1644,LEVI'S,27
Men Tapered Pink Cotton Blend Trousers,https://www.flipkart.com/highlander-tapered-men-pink-trousers/p/itme196a2603618f?pid=TROG8QRNSF22KCZQ&lid=LSTTROG8QRNSF22KCZQWRXESN&marketplace=FLIPKART&store=clo%2Fvua&srno=b_2_57&otracker=browse&fm=organic&iid=en_Q_iXGrQGs3d0oiuIxP0EPlC9toq6ThE4P5W9kRScnVgO22ymXN6Xa7qBKQ56MHInQk7EtY1-4PGsd_uMCktEoA%3D%3D&ppt=None&ppn=None&ssid=crryb3vg400000001691554934852,https://rukminim2.flixcart.com/image/832/832/kvy58y80/trouser/c/g/k/32-hltr004773-highlander-original-imag8qrnnhg7yaqm.jpeg?q=70,Button,,Cotton Blend,Western Wear,,Pink,"[['30', '32', '34', '36']]",577,HIGHLANDER,28
"Men Colorblock Grey, Black Track Pants",https://www.flipkart.com/yunek-colorblock-men-grey-black-track-pants/p/itm2e11acaaeaa86?pid=TKPGNX8XY8CBDGEW&lid=LSTTKPGNX8XY8CBDGEWHMBKC6&marketplace=FLIPKART&store=clo%2Fvua&srno=b_1_12&otracker=browse&fm=organic&iid=en__eM9nYk2U7eVz18g7sxGkNcAGxDrj2amYgGi4BATl1SRekISYsJyZiJIGsrevUoRDkHmDZoU3s6aun7BqWBMVA%3D%3D&ppt=None&ppn=None&ssid=qzcvao85og0000001691554776819,https://rukminim2.flixcart.com/image/832/832/xif0q/track-pant/j/y/q/m-1-5-yunek-original-imagnx8nyzg5ppfe.jpeg?q=70,Elastic,,Polyester,,,"Grey, Black","[['M', 'L', 'XL']]",339,YUNEK,29
Men Slim Fit Black Cotton Blend Trousers,https://www.flipkart.com/vurso-slim-fit-men-black-trousers/p/itm80c6a8f63c732?pid=TROGHHTGEK76HYMB&lid=LSTTROGHHTGEK76HYMB7QHO8G&marketplace=FLIPKART&store=clo%2Fvua&srno=b_1_27&otracker=browse&fm=organic&iid=en__eM9nYk2U7eVz18g7sxGkNcAGxDrj2amYgGi4BATl1TjQrVGqPEsW9jQpBKAeT52ZmX2IqwG2WYaXogt5CdIWw%3D%3D&ppt=None&ppn=None&ssid=qzcvao85og0000001691554776819,https://rukminim2.flixcart.com/image/832/832/xif0q/trouser/l/r/o/34-fkvt-01-bl-vurso-original-imafxqtuzw2ee9n3.jpeg?q=70,,,Cotton Blend,Western Wear,,Black,"[['28', '30', '32', '34', '36', '38', '40', '42', '44']]",419,VURSO,30
Men Slim Mid Rise Light Blue Jeans,https://www.flipkart.com/urbano-fashion-slim-men-light-blue-jeans/p/itmc1156edb7ceb9?pid=JEAFGFVMSUCUZKST&lid=LSTJEAFGFVMSUCUZKSTSVAQCX&marketplace=FLIPKART&store=clo%2Fvua&srno=b_1_17&otracker=browse&fm=organic&iid=en__eM9nYk2U7eVz18g7sxGkNcAGxDrj2amYgGi4BATl1TSLFeb0hlYsoDUI_M4dDWmdloF6AW8smW3-WYyQQv7Dg%3D%3D&ppt=None&ppn=None&ssid=qzcvao85og0000001691554776819,https://rukminim2.flixcart.com/image/832/832/xif0q/jean/b/w/3/-original-imagj4qqyg9hhzre.jpeg?q=70,Buttoned,Diagonal Pocket,Cotton Lycra Blend,Western Wear,,Light Blue,"[['28', '30', '32', '34', '36', '38', '40']]",594,Urbano Fashion,31
Men Slim Mid Rise Dark Blue Jeans,https://www.flipkart.com/urbano-fashion-slim-men-dark-blue-jeans/p/itm035723b3383ed?pid=JEAFY9TNKJJDGNAZ&lid=LSTJEAFY9TNKJJDGNAZ8LGNJO&marketplace=FLIPKART&store=clo%2Fvua&srno=b_1_18&otracker=browse&fm=organic&iid=en__eM9nYk2U7eVz18g7sxGkNcAGxDrj2amYgGi4BATl1RuJ1p74swSE7NljdmEiA7NMNMXlsWcc9QuzdkYjwSZ6w%3D%3D&ppt=None&ppn=None&ssid=qzcvao85og0000001691554776819,https://rukminim2.flixcart.com/image/832/832/kihqz680-0/jean/2/v/i/28-eps-dblue-01-urbano-fashion-original-imafy9thhhpyeyse.jpeg?q=70,Buttoned,Curved Pocket,Cotton Lycra Blend,Western Wear,,Dark Blue,"[['28', '30', '32', '34', '36', '38', '40']]",565,Urbano Fashion,32
Men Slim Low Rise Light Green Jeans,https://www.flipkart.com/louis-philippe-jeans-slim-men-light-green/p/itm7ef961ccc409d?pid=JEAGMUE9MRCXPHFF&lid=LSTJEAGMUE9MRCXPHFFLUYZ0C&marketplace=FLIPKART&store=clo%2Fvua&srno=b_2_52&otracker=browse&fm=organic&iid=en_Q_iXGrQGs3d0oiuIxP0EPlC9toq6ThE4P5W9kRScnVg21mu1fx3hJzygi6wsjQ2OdwwMbutJ67MD-MZoCyea8g%3D%3D&ppt=None&ppn=None&ssid=crryb3vg400000001691554934852,https://rukminim2.flixcart.com/image/832/832/xif0q/jean/1/o/0/32-lrdncslps39668-louis-philippe-jeans-original-imagq57eccufaxww.jpeg?q=70,Button,"Coin Pocket, Curved Pocket, Patch Pocket",Cotton Blend,Western Wear,,Light Green,"[['30', '32', '34', '36', '38', '40']]",1649,Louis Philippe Jeans,33
Men Tapered Fit Mid Rise Dark Blue Jeans,https://www.flipkart.com/peter-england-tapered-fit-men-dark-blue-jeans/p/itmfc398ba7b098c?pid=JEAGPVY7SVBR4GHF&lid=LSTJEAGPVY7SVBR4GHFRDPKG2&marketplace=FLIPKART&store=clo%2Fvua&srno=b_1_33&otracker=browse&fm=organic&iid=a366bf24-c376-45b0-88d7-d320f0328de2.JEAGPVY7SVBR4GHF.SEARCH&ppt=None&ppn=None&ssid=qzcvao85og0000001691554776819,https://rukminim2.flixcart.com/image/832/832/xif0q/jean/s/0/k/32-pjdnastfw58366-peter-england-original-imagqgghude9xkgf.jpeg?q=70,,,Polycotton,Western Wear,,Dark Blue,"[['28', '30', '32', '34', '36', '38']]",899,PETER ENGLAND,34
Men Slim Mid Rise Blue Jeans,https://www.flipkart.com/mufti-slim-men-blue-jeans/p/itmebd95fbd2480b?pid=JEAGCZYECKYQJZXK&lid=LSTJEAGCZYECKYQJZXKGZCAIG&marketplace=FLIPKART&store=clo%2Fvua&srno=b_1_14&otracker=browse&fm=organic&iid=a366bf24-c376-45b0-88d7-d320f0328de2.JEAGCZYECKYQJZXK.SEARCH&ppt=None&ppn=None&ssid=qzcvao85og0000001691554776819,https://rukminim2.flixcart.com/image/832/832/l111lzk0/jean/c/w/c/34-mft-28312-o-134-blue-black-mufti-original-imagczt3uytqahnp.jpeg?q=70,Zip & Button,Coin Pocket,Cotton Blend,Western Wear,,Blue,"[['28', '30', '32', '34', '36', '38', '40']]",1364,MUFTI,35
Men Slim Mid Rise Dark Grey Jeans,https://www.flipkart.com/killer-slim-men-dark-grey-jeans/p/itm5c5e34dbc174e?pid=JEAGQKGPJHWT52KR&lid=LSTJEAGQKGPJHWT52KRWMQZRV&marketplace=FLIPKART&store=clo%2Fvua&srno=b_1_10&otracker=browse&fm=organic&iid=a366bf24-c376-45b0-88d7-d320f0328de2.JEAGQKGPJHWT52KR.SEARCH&ppt=None&ppn=None&ssid=qzcvao85og0000001691554776819,https://rukminim2.flixcart.com/image/832/832/xif0q/jean/v/1/f/-original-imagr6uhvr7yvrsm.jpeg?q=70,Button,,Cotton Lycra Blend,Western Wear,,Dark Grey,"[['28', '30', '32', '34', '36', '38', '40', '42']]",1409,KILLER,36
Men Slim Mid Rise Grey Jeans,https://www.flipkart.com/peter-england-slim-men-grey-jeans/p/itm91dfe69ecdfab?pid=JEAGZHE9U5WX6XHK&lid=LSTJEAGZHE9U5WX6XHK6WY5QM&marketplace=FLIPKART&store=clo%2Fvua&srno=b_1_29&otracker=browse&fm=organic&iid=a366bf24-c376-45b0-88d7-d320f0328de2.JEAGZHE9U5WX6XHK.SEARCH&ppt=None&ppn=None&ssid=qzcvao85og0000001691554776819,https://rukminim2.flixcart.com/image/832/832/xif0q/jean/4/y/g/32-pjdnpstb939165-peter-england-original-imagpfff9h4hfxhw.jpeg?q=70,Button,"Coin Pocket, Curved Pocket, Patch Pocket",Cotton Blend,Western Wear,,Grey,"[['28', '30', '32', '34', '36', '38', '40', '42']]",799,PETER ENGLAND,37
Men Regular Mid Rise White Jeans,https://www.flipkart.com/urbano-plus-regular-men-white-jeans/p/itmc2de73fdd5a8d?pid=JEAGFCX5ZYZJ4HT4&lid=LSTJEAGFCX5ZYZJ4HT4WNLPHL&marketplace=FLIPKART&store=clo%2Fvua&srno=b_2_49&otracker=browse&fm=organic&iid=13bbde0e-4984-4602-ab35-1773a7e61b0c.JEAGFCX5ZYZJ4HT4.SEARCH&ppt=None&ppn=None&ssid=crryb3vg400000001691554934852,https://rukminim2.flixcart.com/image/832/832/kmgn0cw0/jean/p/v/5/36-plusjeansp-white-urbano-plus-original-imagfcxfzxgbemgd.jpeg?q=70,Button,Curved Pocket,Cotton Lycra Blend,Western Wear,,White,"[['36', '38', '40', '42', '44']]",700,Urbano Plus,38
Men Skinny Low Rise Blue Jeans,https://www.flipkart.com/spykar-skinny-men-blue-jeans/p/itm018e527c4d7a2?pid=JEAGJKKFXTSZHZZ6&lid=LSTJEAGJKKFXTSZHZZ6KDQ5SP&marketplace=FLIPKART&store=clo%2Fvua&srno=b_2_50&otracker=browse&fm=organic&iid=13bbde0e-4984-4602-ab35-1773a7e61b0c.JEAGJKKFXTSZHZZ6.SEARCH&ppt=None&ppn=None&ssid=crryb3vg400000001691554934852,https://rukminim2.flixcart.com/image/832/832/xif0q/jean/m/2/4/-original-imagq2uuefgrg4hn.jpeg?q=70,,,Cotton Blend,Western Wear,,Blue,"[['30', '32', '34', '36', '38']]",1479,Spykar,39
